#menu-item-6370 {z-index: 10000;}
#menu-item-6385 {z-index: 10000;}
#topbarmenuline {width: 100%;height: 1px;border-top: 1px solid #ccc;position: fixed;background-color: #efefef;}
#menubox1 {position: absolute;position: fixed;width: 100%;background-color: #369;}
#menubox2 {position: absolute;position: fixed;width: 100%;background-color: #2b4c92;}
#tv-box-wrapper {z-index: 9999;}
#lptvsearchbutton > img {z-index: 9999;}
#menu-top-of-page {position: fixed;z-index: 100;z-index: 10000;background-color: #efefef;}
#search-2.top-bar-widget.widget_search {position: fixed;z-index: 9000;}
#searchform {position: relative;left: 545px;z-index: 10000;}
#search-2.widget-wrapper {position: relative;left: 545px;z-index: 9000;}
#search-2.top-bar-widget.widget_search.widget-wrapper {position: relative;left: 550px;}
#oppicwrap {padding: 10px;border: 2px solid #eee;position: absolute;padding-top: 20px;}
#oppic {}
#comments-position {top: 230px;position: absolute;}
#shortcodes-ultimate-185 .su-tabs-current .op-title {background-color: #fff;border: 1px solid #ccc;border-top-left-radius: 6px;}
#shortcodes-ultimate-185 .su-tabs-pane {background-color: #f2f2f2;padding: 2px 4px 2px 4px;border: 0px;}
#shortcodes-ultimate-185 .su-tabs-nav {background-color: #f2f2f2;height: 46px;}
#shortcodes-ultimate-185 .su-tabs-nav span {display: inline-block;margin: 0;padding: 0;background-color: #f2f2f2;border: 0px;}
#shortcodes-ultimate-185 .su-post {margin: 8px;}
#column1-wrap {float: left;width: 48%;}
#column1 {background-color: #fff;width: 95%;padding-left: 5px;}
#column2 {background-color: #fff;float: left;width: 48%;padding-left: 5px;}
#clear {clear: both;}
#lptv-search {min-width: 230px;}
.nosotras-second-pink-box {border: 1px solid #ccc;background-color: #dd579a;height: 290px;width: 195px;position: relative;position: relative;float: right;color: #fff;padding-left: 3px;padding-right: 0px;left: -2px;}
#su_carousel_53ab33962d97b .su-carousel-slide-title {max-width: 255px;color: #fff;padding: 0px;margin: 0px;}
.su-tabs {padding: 0px;}
.editorial-tab {padding: 0px;}
#op-container > div > div.su-tabs-nav > span.su-tabs-current {padding: 0px;}
.su-tabs-current {padding: 0px;}
#shortcodes-ultimate-109 {padding: 0px;}
#lptv_widget-7 {padding: 0px;}
#footer-widget > div.grid.col-380.fit {display: none;}
#toptagcloud a:link {color: #34669b;text-decoration: none;}
#toptagcloud a:visited {color: #34669b;text-decoration: none;}
.bottom-center-728x90 {position: relative;width: 728px;height: 90px;background-color: #fff;margin: 0 auto;margin-bottom: 10px;}
.topleftad {position: relative;width: 728px;height: 90px;left: 0px;float: left;top: 0px;background-color: #eee;}
.toprightad {position: relative;width: 270px;height: 90px;align: left;left: 730px;top: -90px;margin-left: 3px;}
#left-top-728-loggedin {position: relative;width: 728px;height: 90px;left: 0px;float: left;top: 1px;line-height: 1.3em;overflow: visible;background-color: #eee;padding: 0px;margin: 0px;font-family: Marvel;font-size: 3em;font-weight: 900;}
#right-top-270-loggedin {position: relative;width: 270px;height: 90px;left: 735px;top: -89px;float: left;line-height: 1.3em;overflow: visible;background-color: #eee;padding: 0px;margin: 0px;font-family: Marvel;font-size: 3em;font-weight: 900;}
.leftad {float: left;margin-left: -166px;background-color: #eee;height: 600px;width: 160px;position: absolute;top: 313px;}
.rightad {float: left;margin-left: 1010px;background-color: #eee;height: 600px;width: 160px;position: absolute;top: 313px;}
.toprighthomead {position: relative;width: 270px;height: 90px;left: 732px;background-color: #369;top: 0px;overflow: visible;}
.center-home-ad-2 {width: 120;height: 600px;background-color: #eee;}
.adbox-centered-300x250 {margin: 50px auto 50px auto;width: 300px;position: relative;}
#120x600-ad {width: 120px;float: right;}
#doaptopleftwing {float: left;margin-left: -169px;background-color: #eee;height: 600px;width: 142px;top: 103px;position: absolute;padding: 5px;border: 1px solid #000;}
#doaptoprightwing {float: left;margin-left: 1008px;background-color: #eee;height: 600px;width: 142px;top: 103px;position: absolute;padding: 5px;border: 1px solid #000;}
#doap-bottom-center-ad {line-height: 2em;position: relative;margin: 0 auto;background-color: #eee;border: 1px solid #000;padding: 0px;font-family: Marvel;font-size: 3em;font-weight: 900;}
.bottom-center-728x90-loggedin {padding: 10px;padding: 0px;width: 728px;height: 90px;position: relative;margin: 0 auto;background-color: #eee;border: 1px solid #000;font-family: Marvel;font-size: 3em;font-weight: 900;}
.bottom-center-728x90-notloggedin {position: relative;margin: 0 auto;background-color: #369;border: 1px solid #000;padding: 0px;font-family: Marvel;font-size: 3em;font-weight: 900;}
.doap-bottom-center-ad {position: relative;margin: 0 auto;background-color: #eee;border: 1px solid #000;padding: 0px;font-family: Marvel;font-size: 3em;font-weight: 900;}
@media (max-width: 728px) {.bottom-center-728x90 {display: none;}
}#box-loggedin-300x250 {margin-top: 10px;margin-bottom: 10px;margin-left: 0px;border: 1px solid #000;background-color: #eee;width: 300px;height: 250px;}
.adbox {background-color: #eee;height: 250px;width: 300px;border: 1px solid #000;}
#div-gpt-ad-1403219444117-6 {position: relative;width: 728px;height: 90px;background-color: #369;left: -2px;top: 1px;float: left;margin-bottom: 10px;}
@media (max-width: 728px) {#div-gpt-ad-1403219444117-6 {display: none;}
}#nacionales-left-top-728-loggedin {position: relative;width: 728px;height: 90px;left: -3px;float: left;top: 1px;overflow: visible;background-color: #eee;padding: 0px;margin: 0px;font-family: Marvel;font-size: 3em;font-weight: 900;}
#politica-left-top-728-loggedin {position: relative;width: 728px;height: 90px;left: -3px;float: left;top: 1px;overflow: visible;background-color: #eee;padding: 0px;margin: 0px;font-family: Marvel;font-size: 3em;font-weight: 900;}
#politica-right-top-270-loggedin {position: absolute;width: 270px;height: 90px;left: 732px;top: 1px;overflow: visible;background-color: #eee;padding: 0px;margin: 0px;font-family: Marvel;font-size: 3em;font-weight: 900;}
#politica-left-top-728-loggedin {position: relative;width: 728px;height: 90px;left: -3px;float: left;top: 1px;overflow: visible;background-color: #eee;border: 1px solid #000;padding: 0px;margin: 0px;font-family: Marvel;font-size: 3em;font-weight: 900;}
#politica-right-top-270-loggedin {position: absolute;width: 270px;height: 90px;left: 732px;top: 1px;overflow: visible;background-color: #eee;border: 1px solid #000;padding: 0px;margin: 0px;font-family: Marvel;font-size: 3em;font-weight: 900;}
@media (max-width: 1006px) {.toprightad {display: none;}
}@media (max-width: 1006px) {.topleftad {display: none;}
}@media (max-width: 1006px) {.rightad, .leftad {display: none;}
}.widget_tag_cloud {padding-left: 15px;padding-top: 10px;}
#shortcodes-ultimate-89 > div.widget-title > h3 {display: none;}
#shortcodes-ultimate-80 > div.widget-title > h3 {display: none;}
#shortcodes-ultimate-81 > div.widget-title > h3 {display: none;}
#shortcodes-ultimate-86 > div.widget-title > h3 {display: none;}
#shortcodes-ultimate-51 > div.widget-title > h3 {display: none;}
#post-213 > h1 {display: none;}
#post-58 > h1 {display: none;}
#shortcodes-ultimate-51 {padding: 0px;}
#shortcodes-ultimate-86 {padding: 0px;}
#shortcodes-ultimate-81 {padding: 0px;}
#shortcodes-ultimate-80 {padding: 0px;}
#shortcodes-ultimate-89 {padding: 0px;}
#youtubefeederwidget-2 {max-height: 250px;padding: 0px;}
#tag_cloud-8 > h2 {display: none;}
#tag_cloud-5 > h2 {display: none;}
#tag_cloud-7 > h2 {display: none;}
#tag_cloud-4 > h2 {display: none;}
#youtubelive-homepage-widget {border: 2px solid #369;margin-bottom: 3px;padding-left: 3px;padding-right: 3px;padding-bottom: 3px;padding-top: 2px;height: 392px;}
#livestream-homepage-widget {border: 2px solid #369;margin-bottom: 3px;padding-left: 3px;padding-right: 3px;padding-bottom: 3px;padding-top: 2px;height: 392px;}
//.category-aqui-entre-nos div.su-carousel-slides > * .su-carousel-slide-title {position: relative;top: -20px;background: rgba(0,0,0,.5);color: #fff;left: 0px;max-height: 20px;}
.su-carousel .su-carousel-slide a {border-radius: 0px;padding: 0 0px;}
.su-carousel .su-carousel-slide img {border-radius: 0px;padding: 1px;border: 1px solid #ccc;}
//.su-carousel .su-carousel-slide h4 {padding-top: 8px;padding-bottom: 8px;}
#cat-breves-slider h4 {padding-top: 8px;padding-bottom: 8px;}
//#su_carousel_53a33f714016c > div.su-carousel-slides > * img {padding: 0px;border-radius: 0px;border: 0px;}
#shortcodes-ultimate-262 > div > div > div.su-tabs-nav > span.su-tabs-current {background-color: #369;color: #fff;}
#shortcodes-ultimate-112 > div > div > div.su-tabs-nav > span.su-tabs-current {background-color: #1c1d1d;color: #fff;}
#shortcodes-ultimate-136 > div > div > div.su-tabs-nav > span.su-tabs-current {background-color: #1c1d1d;color: #fff;}
#shortcodes-ultimate-172 > div > div > div.su-tabs-nav > span.su-tabs-current {background-color: #1c1d1d;color: #fff;}
#shortcodes-ultimate-126 > div > div > div.su-tabs-nav > span.su-tabs-current {background-color: #1c1d1d;color: #fff;}
#shortcodes-ultimate-173 > div > div > div.su-tabs-nav > span.su-tabs-current {background-color: #1c1d1d;color: #fff;}
#shortcodes-ultimate-161 > div > div > div.su-tabs-nav > span.su-tabs-current {background-color: #1c1d1d;color: #fff;}
#shortcodes-ultimate-196 > div > div > div.su-tabs-nav > span.su-tabs-current {background-color: #1c1d1d;color: #fff;}
#shortcodes-ultimate-200 > div > div > div.su-tabs-nav > span.su-tabs-current {background-color: #1c1d1d;color: #fff;}
#shortcodes-ultimate-206 > div > div > div.su-tabs-nav > span.su-tabs-current {background-color: #1c1d1d;color: #fff;}
#shortcodes-ultimate-211 > div > div > div.su-tabs-nav > span.su-tabs-current {background-color: #1c1d1d;color: #fff;}
#shortcodes-ultimate-216 > div > div > div.su-tabs-nav > span.su-tabs-current {background-color: #1c1d1d;color: #fff;}
#shortcodes-ultimate-222 > div > div > div.su-tabs-nav > span.su-tabs-current {background-color: #1c1d1d;color: #fff;}
#shortcodes-ultimate-144 > div > div > div.su-tabs-nav > span.su-tabs-current {background-color: #1c1d1d;color: #fff;}
#tablepress-24 > thead > tr > th.column-1.sorting_disabled > div {display: none;}
#tablepress-24 > thead {display: none;}
#shortcodes-ultimate-144 > div > div.su-tabs.su-tabs-style-modern-light > div.su-tabs-panes > div {padding: 0px;border: 0px solid #fff;}
#shortcodes-ultimate-144 > div > div.su-tabs.su-tabs-style-modern-light > div.su-tabs-panes > div:nth-child(1) > div > div.su-box-title {display: none;}
#shortcodes-ultimate-144 > div > div.su-tabs.su-tabs-style-modern-light > div.su-tabs-panes > div:nth-child(2) > div > div.su-box-title {display: none;}
#shortcodes-ultimate-222 > div > div.su-tabs.su-tabs-style-modern-light > div.su-tabs-panes > div {padding: 0px;border: 0px solid #fff;}
#shortcodes-ultimate-222 > div > div.su-tabs.su-tabs-style-modern-light > div.su-tabs-panes > div:nth-child(1) > div > div.su-box-title {display: none;}
#shortcodes-ultimate-222 > div > div.su-tabs.su-tabs-style-modern-light > div.su-tabs-panes > div:nth-child(2) > div > div.su-box-title {display: none;}
#shortcodes-ultimate-216 > div > div.su-tabs.su-tabs-style-modern-light > div.su-tabs-panes > div {padding: 0px;border: 0px solid #fff;}
#shortcodes-ultimate-216 > div > div.su-tabs.su-tabs-style-modern-light > div.su-tabs-panes > div:nth-child(1) > div > div.su-box-title {display: none;}
#shortcodes-ultimate-216 > div > div.su-tabs.su-tabs-style-modern-light > div.su-tabs-panes > div:nth-child(2) > div > div.su-box-title {display: none;}
#shortcodes-ultimate-211 > div > div.su-tabs.su-tabs-style-modern-light > div.su-tabs-panes > div {padding: 0px;border: 0px solid #fff;}
#shortcodes-ultimate-211 > div > div.su-tabs.su-tabs-style-modern-light > div.su-tabs-panes > div:nth-child(1) > div > div.su-box-title {display: none;}
#shortcodes-ultimate-211 > div > div.su-tabs.su-tabs-style-modern-light > div.su-tabs-panes > div:nth-child(2) > div > div.su-box-title {display: none;}
#shortcodes-ultimate-206 > div > div.su-tabs.su-tabs-style-modern-light > div.su-tabs-panes > div {padding: 0px;border: 0px solid #fff;}
#shortcodes-ultimate-206 > div > div.su-tabs.su-tabs-style-modern-light > div.su-tabs-panes > div:nth-child(1) > div > div.su-box-title {display: none;}
#shortcodes-ultimate-206 > div > div.su-tabs.su-tabs-style-modern-light > div.su-tabs-panes > div:nth-child(2) > div > div.su-box-title {display: none;}
#shortcodes-ultimate-200 > div > div.su-tabs.su-tabs-style-modern-light > div.su-tabs-panes > div {padding: 0px;border: 0px solid #fff;}
#shortcodes-ultimate-200 > div > div.su-tabs.su-tabs-style-modern-light > div.su-tabs-panes > div:nth-child(1) > div > div.su-box-title {display: none;}
#shortcodes-ultimate-200 > div > div.su-tabs.su-tabs-style-modern-light > div.su-tabs-panes > div:nth-child(2) > div > div.su-box-title {display: none;}
#shortcodes-ultimate-196 > div > div.su-tabs.su-tabs-style-modern-light > div.su-tabs-panes > div {padding: 0px;border: 0px solid #fff;}
#shortcodes-ultimate-196 > div > div.su-tabs.su-tabs-style-modern-light > div.su-tabs-panes > div:nth-child(1) > div > div.su-box-title {display: none;}
#shortcodes-ultimate-196 > div > div.su-tabs.su-tabs-style-modern-light > div.su-tabs-panes > div:nth-child(2) > div > div.su-box-title {display: none;}
#shortcodes-ultimate-161 > div > div.su-tabs.su-tabs-style-modern-light > div.su-tabs-panes > div {padding: 0px;border: 0px solid #fff;}
#shortcodes-ultimate-161 > div > div.su-tabs.su-tabs-style-modern-light > div.su-tabs-panes > div:nth-child(1) > div > div.su-box-title {display: none;}
#shortcodes-ultimate-161 > div > div.su-tabs.su-tabs-style-modern-light > div.su-tabs-panes > div:nth-child(2) > div > div.su-box-title {display: none;}
#shortcodes-ultimate-112 > div > div.su-tabs.su-tabs-style-modern-light > div.su-tabs-panes > div {padding: 0px;border: 0px solid #fff;}
#shortcodes-ultimate-112 > div > div.su-tabs.su-tabs-style-modern-light > div.su-tabs-panes > div:nth-child(1) > div > div.su-box-title {display: none;}
#shortcodes-ultimate-112 > div > div.su-tabs.su-tabs-style-modern-light > div.su-tabs-panes > div:nth-child(2) > div > div.su-box-title {display: none;}
#shortcodes-ultimate-136 > div > div.su-tabs.su-tabs-style-modern-light > div.su-tabs-panes > div {padding: 0px;border: 0px solid #fff;}
#shortcodes-ultimate-136 > div > div.su-tabs.su-tabs-style-modern-light > div.su-tabs-panes > div:nth-child(1) > div > div.su-box-title {display: none;}
#shortcodes-ultimate-136 > div > div.su-tabs.su-tabs-style-modern-light > div.su-tabs-panes > div:nth-child(2) > div > div.su-box-title {display: none;}
#shortcodes-ultimate-172 > div > div.su-tabs.su-tabs-style-modern-light > div.su-tabs-panes > div {padding: 0px;border: 0px solid #fff;}
#shortcodes-ultimate-172 > div > div.su-tabs.su-tabs-style-modern-light > div.su-tabs-panes > div:nth-child(1) > div > div.su-box-title {display: none;}
#shortcodes-ultimate-172 > div > div.su-tabs.su-tabs-style-modern-light > div.su-tabs-panes > div:nth-child(2) > div > div.su-box-title {display: none;}
#shortcodes-ultimate-126 > div > div.su-tabs.su-tabs-style-modern-light > div.su-tabs-panes > div {padding: 0px;border: 0px solid #fff;}
#shortcodes-ultimate-126 > div > div.su-tabs.su-tabs-style-modern-light > div.su-tabs-panes > div:nth-child(1) > div > div.su-box-title {display: none;}
#shortcodes-ultimate-126 > div > div.su-tabs.su-tabs-style-modern-light > div.su-tabs-panes > div:nth-child(2) > div > div.su-box-title {display: none;}
#shortcodes-ultimate-173 > div > div.su-tabs.su-tabs-style-modern-light > div.su-tabs-panes > div {padding: 0px;border: 0px solid #fff;}
#shortcodes-ultimate-173 > div > div.su-tabs.su-tabs-style-modern-light > div.su-tabs-panes > div:nth-child(1) > div > div.su-box-title {display: none;}
#shortcodes-ultimate-173 > div > div.su-tabs.su-tabs-style-modern-light > div.su-tabs-panes > div:nth-child(2) > div > div.su-box-title {display: none;}

@media only screen
and (min-device-width : 320px)
and (max-device-width : 320px)
and (orientation: portrait)
 {body {max-width: 320px;}
#search-2 > div {position: relative;left: 50px;}
#div-gpt-ad-1403223429448-0 {display: none;}
#shortcodes-ultimate-269 {display: none;}
#div-gpt-ad-1403199951031-1, #div-gpt-ad-1403199951031-0 {display: none;}
#lptv-search {width: 300px;}
#120x600-ad {display: none;}
#div-gpt-ad-1403371468819-0 {display: none;}
}@media only screen
and (min-width : 321px) {}@media only screen
and (max-width : 320px) {}@media only screen
and (min-device-width : 768px)
and (max-device-width : 1024px) {.leftad, .rightad {display: none;}
}@media only screen
and (min-device-width : 768px)
and (max-device-width : 1024px)
and (orientation : landscape) {}@media only screen
and (min-device-width : 768px)
and (max-device-width : 1024px)
and (orientation : portrait) {}@media only screen
and (min-width : 1224px) {}@media only screen
and (min-width : 1824px) {}@media only screen and (-webkit-min-device-pixel-ratio : 1.5),
only screen and (min-device-pixel-ratio : 1.5) {}
#menu-item-6370 > a > img {height: 20px;width: 20px;}
body {background: initial;}
.main-nav {width: 1006px;margin: 0 auto;clear: both;}
#main-nav-wrapper {width: 100%;height: 45px;background-color: #369;clear: both;}
#sub-header-menu-wrapper {clear: both;background-color: #fff;border-top: none;margin: 0px;width: 100%;}
.sub-header-menu {background-color: #fff;border: 0px;margin: 0 auto;width: 1006px;}
.sub-header-menu a {color: #2b4c92;font-family: StagBook;}
#logo-social {width: 1006px;margin: 0 auto;}
.dept-titles a {font-weight: 700;}
.sub-header-menu, .sub-header-menu ul {margin: 0 auto;}
#menu-item-1111017 {border-left: 1px solid #ccc;}
#menu-item-986297 {border-right: 1px solid #ccc;}
#menu-main li a {font-weight: initial;text-shadow: initial;font-family: StagBook;font-size: 13px;}
#left-col {position: relative;float: left;width: 530px;}
#dept-block {border: 0px solid #000;background-color: #eae8dd;margin: 0px;padding: 10px;min-height: 217px;}
#dept-story-1 {position: relative;float: left;width: 49%;padding-top: 5px;padding-left: 5px;}
#dept-story-2 {position: relative;float: right;width: 49%;padding-top: 5px;}
#center-home-ad-2 {position: relative;margin: 4px 4px 4px 4px;float: right;}
#tagbox {width: 100%;padding-bottom: 10px;padding-top: 0px;background-color: #f5f5f5;position: relative;float: left;font-size: 1.2em;overflow: hidden;border: 1px solid #e5e5e5;border-radius: 4px;-webkit-border-radius: 4px;-moz-border-radius: 4px;}
.col-620 {width: 69%;}
.slide-description {line-height: 1.2;font-size: .64em;}
#lptv-slider img {background-color: #000;border-radius: 0px;padding: 2px;border: 1px solid #000;height: 60px;}
.lptv_carousel_title {margin: 1px 0px 1px 3px;height: 50px;}
#shortcodes-ultimate-132 .su-tabs-pane {background-color: #f2f2f2;padding: 2px 4px 2px 4px;border: 0px;}
#shortcodes-ultimate-132 .su-tabs-nav {background-color: #f2f2f2;height: 46px;}
#shortcodes-ultimate-132 .su-tabs-nav span {display: inline-block;margin: 0;padding: 0;background-color: #f2f2f2;border: 0px;}
#op-container {position: relative;float: left;width: 300px;background-color: #f2f2f2;border: 1px solid #ccc;padding-bottom: 4px;}
#op-container .su-tabs {margin: 0px;}
#op-tabs {position: relative;float: left;}
#op-tabs .op-title {width: 89px;color: #333;font-family: Arial;font-size: 12px;text-align: center;margin: 4px 0px 1px 4px;}
#op-tabs.editorial-tab .op-title {padding-top: 10px;padding-bottom: 10px;}
#shortcodes-ultimate-132 .su-tabs-current .op-title {background-color: #fff;border: 1px solid #ccc;border-top-left-radius: 6px;}
.opinion-posts {width: 288px;height: 400px;border: 1px solid #ccc;background-color: #fff;}
.opinion-excerpt {font-size: .9em;}
#shortcodes-ultimate-132 .su-post {margin: 8px;}
#bottom-section .su-row .su-column-size-2-3 {margin: 0px 0px 0px 0px;}
#bottom-section .suplementos-home-bottom {width: 700px;}
.supl-cat {position: relative;float: left;min-height: 200px;margin-left: 6px;margin-bottom: 20px;width: 165px;}
.supl-img {position: relative;width: 160px;height: 163px;margin-top: 0px;margin-bottom: 0px;}
.supl-img img {width: 160px;height: 163px;margin-bottom: 5px;}
.supl-cat-title-box {margin-left: 5px;margin-right: 5px;line-height: 1.2em;width: 165px;}
.supl-titles a {color: #333;font-family: Arial Bold;font-size: 11px;line-height: 1.2em;}
#bottom-section .cartelera-home-bottom {width: 657px;}
#bottom-section .right-ad-home-bottom {width: 310px;}
form#form1 {margin: .5em 0;}
.category-excerpt table, th, tr td {border: 0px;margin: 0px;}
.category-excerpt {font-size: .9em;line-height: 1.3em;}
a.cat-url {font-size: .9em;}
a.comments-url {font-size: .9em;}
#shortcodes-ultimate-218 > div > div > div.su-tabs-nav > span.su-tabs-current {background-color: #1c1d1d;color: #fff;text-shadow: initial;}
#shortcodes-ultimate-218 > div > div.su-tabs.su-tabs-style-modern-light > div.su-tabs-panes > div {padding: 0px;border: 0px solid #fff;}
#shortcodes-ultimate-218 > div > div.su-tabs.su-tabs-style-modern-light > div.su-tabs-panes > div:nth-child(1) > div > div.su-box-title {display: none;}
#shortcodes-ultimate-218 > div > div.su-tabs.su-tabs-style-modern-light > div.su-tabs-panes > div:nth-child(2) > div > div.su-box-title {display: none;}
#shortcodes-ultimate-138 > div > div > div.su-tabs-nav > span.su-tabs-current {background-color: #1c1d1d;color: #fff;text-shadow: initial;}
#shortcodes-ultimate-138 > div > div.su-tabs.su-tabs-style-modern-light > div.su-tabs-panes > div {padding: 0px;border: 0px solid #fff;}
#shortcodes-ultimate-138 > div > div.su-tabs.su-tabs-style-modern-light > div.su-tabs-panes > div:nth-child(1) > div > div.su-box-title {display: none;}
#shortcodes-ultimate-138 > div > div.su-tabs.su-tabs-style-modern-light > div.su-tabs-panes > div:nth-child(2) > div > div.su-box-title {display: none;}
.carousel-caricaturas.su-carousel-centered {margin-bottom: 0px;}
#cat-dest-img-bot {position: absolute;display: block;bottom: 0px;left: 0px;height: 30px;width: 100%;max-width: 100%;color: #fff;background: rgba(0,0,0,.5);border-radius: 0;opacity: 1;font-size: 11pt;}
#cat-dest-img-bot a.comments-url {font-size: inherit;}
.category #widget {margin-right: 0px;margin-left: 2px;}
.category #wrapper {padding: 0 8px 4px 8px;}
.category #content-archive.col-620 {width: 685px;margin: 10px 3px 0 0;}
.category .fp-title-bar {margin: 10px 10px 4px 0px;}
.category .post-entry {margin-bottom: 20px;}
.category .su-heading-inner {margin: 4px 0 4px 0;}
.category .su-column-size-1-3 {width: 229px;position: relative;float: right;margin: 10px 10px 10px 0;}
.category .su-column-size-2-3 {width: 430px;position: relative;float: left;margin: 10px 0 10px 0px;}
.futbol-total {clear: both;border: 1px solid #ccc;}
.futbol-total .su-slider-centered {margin-bottom: 0px;}
.game-summary {display: block;position: absolute;top: 10px;margin: 0px;height: 103px;width: 529px;color: #fff;}
.home-team {position: relative;float: left;width: 50%;}
.away-team {position: relative;float: right;width: 50%;}
.game-summary img {width: 100px;height: 103px;padding-bottom: 10px;}
.home-logo {margin: 0 0 0 82px;}
.away-logo {margin: 0 0 0 82px;}
.team-name {width: 110px;margin: 0 0 0 77px;text-align: center;font-size: 1.5em;text-shadow: 2px 2px 2px #000;}
.score {display: block;width: 529px;height: 40px;text-align: center;position: absolute;top: 140px;color: #fff;font-size: 4em;font-weight: 700;text-shadow: 2px 2px 2px #000;}
.futbol-notas {position: absolute;width: 529px;height: 50px;bottom: 30px;margin-left: 10px;line-height: 1.3em;}
.futbol-notas a {color: #fff;font-size: 1em;line-height: 1em;text-shadow: 2px 2px 2px #000;}
.carousel-cartelera .su-carousel-slide img {padding: 0px;border-radius: 0px;border: 3px solid #000;margin: 10px;width: 88%;}
@media (max-width:680px) and (min-width:980px) {#searchformlptv {position: relative;top: -10px;}
}@media (min-width:1006px) {#socialstuff {margin-top: 10px;}
}@media (max-width:1006px) {#socialstuff {display: none;}
}.laprensa-thumbnail {display: none;}
#story-2 .post-entry {clear: initial;}
#story-no-clear .post-entry {clear: initial;}
#feedburnerformwidget-2 {position: relative;top: -15px;}
.subscription_email {width: 150px;}
.subscription_btn {width: 100px;}
#suscribase {position: relative;left: 42px;}
.gallery .gallery-caption {display: none;}
#content-archive > div:nth-child(4) > div > div.su-box-content.su-clearfix {padding: 0em;}
#post-1148009 > div.post-entry > div > div.su-box-content.su-clearfix {padding: 0em;}
#op-tab1 {font-size: .8em;}
#op-tab2 {font-size: .8em;}
#op-tab3 {font-size: .8em;}
.scorebox {padding-top: 10px;height: 27px;width: 100px;font-size: 4em;font-weight: 900;color: #fff;background-color: #909090;vertical-align: middle !important;}
.ui-helper-center {text-align: center;size: 3em;color: #fff;background-color: #606060;}
#scoreboard-strip {background: url("http://noticias.laprensa.com.ni/wp-content/uploads/sites/2/2014/05/score-background.png") no-repeat;width: 100%;height: 25px;border: 1px solid;background-size: contain;}
#shortcodes-ultimate-109 > div.textwidget > div:nth-child(3) > div > div.su-tabs-panes {width: 300px;}
#tag_cloud-1 > h2 {display: none;}
#tag_cloud-2 > h2 {display: none;}
#tag_cloud-3 > h2 {display: none;}
#tag_cloud-4 > h2 {display: none;}
#tag_cloud-5 > h2 {display: none;}
#tag_cloud-6 > h2 {display: none;}
#tag_cloud-7 > h2 {display: none;}
#tag_cloud-8 > h2 {display: none;}
#tag_cloud-9 > h2 {display: none;}
#tag_cloud-10 > h2 {display: none;}
#tag_cloud-11 > h2 {display: none;}
#tag_cloud-12 > h2 {display: none;}
#tag_cloud-13 > h2 {display: none;}
#tag_cloud-14 > h2 {display: none;}
#tag_cloud-15 > h2 {display: none;}
#tag_cloud-16 > h2 {display: none;}
#tag_cloud-17 > h2 {display: none;}
#tag_cloud-18 > h2 {display: none;}
#shortcodes-ultimate-149 h2 {display: none;}
#searchsubmit {background-color: #369;}
.carousel-lptv .su-carousel-slide img {border: 0px;background: none;-webkit-border-radius: 0px;}
#tablepress-23-no-2_wrapper > div > div.dataTables_scrollHead > div > table {width: 328px;}
#shortcodes-ultimate-127 > div > div > div.su-box-content.su-clearfix {padding: 0px;margin: 0px;}
#cat-breves-slider .su-carousel-prev, #cat-breves-slider .su-carousel-next {position: absolute;top: inherit;margin-left: 200px;width: 30px;height: 35px;margin-top: 0px;background: url("http://noticias.laprensa.com.ni/wp-content/plugins/shortcodes-ultimate/assets/images/swiper/flechas.png") no-repeat;opacity: 1;border-radius: 0px;-moz-border-radius: 0px;}
#cat-breves-slider .su-carousel {margin-bottom: 6px;}
#cat-breves-slider .su-carousel-prev {right: 0px;margin-right: 2px;background-position: -40px 0;opacity: 1;}
#cat-breves-slider .su-carousel-next {left: 23px;background-position: 0 0;opacity: 1;}
#cat-breves-slider .su-carousel-prev:hover, #category-slider .su-carousel-next:hover {opacity: 1;}
#breveswrapper {float: left;height: 26px;width: 100%;border-top: 1px solid #ccc;}
#brevescolumn {margin-right: 88px;display: table-cell;}
#brevesleftcolumn {float: left;display: table-cell;width: 24px;height: 24px;margin-left: -58px;border: 1px solid #ccc;margin-top: 7px;}
#brevesrightcolumn {float: left;display: table-cell;width: 24px;height: 24px;margin-left: -26px;border: 1px solid #ccc;margin-top: 7px;}
#su_carousel_538e21dba7ecd .su-carousel-slides {border: 1px solid #ccc;}
#su_carousel_538e21dba7ecd .su-carousel .su-carousel-slide img {padding: 2px;border: 1px solid #000;background: #000;border-radius: 0px;-moz-border-radius: 0px;-webkit-border-radius: 0px;}
.futbol-total-gallery.su-custom-gallery {margin: 0px;margin-bottom: 0px;}
.futbol-total-gallery .su-custom-gallery-slide {margin: 0px;}
.futbol-total-gallery .su-custom-gallery-slide img {display: block;margin: 0;padding: 0px;border: 0px;background: #ccc;border-radius: 0px;-moz-border-radius: 0px;-webkit-border-radius: 0px;}
.futbol-total-slider.su-slider {margin-bottom: 0px;}
.futbol-total-slider.su-slider-centered {margin-bottom: 0px;}
@media (max-width:650px) {.main-nav {height: 30px;}
#wrapper {top: 10px;}
#responsive_current_menu_item {height: 30px;}
#header {height: 130px;}
}#category-slider {margin-left: 5px;padding-left: 5px;margin-right: 5px;padding-right: 20px;overflow: hidden;}
.carousel-cartelera .su-carousel-prev, .carousel-cartelera .su-carousel-next, #category-slider .su-carousel-prev, #category-slider .su-carousel-next {position: absolute;top: 0px;margin-left: 550px;width: 30px;height: 40px;margin-top: 0px;background: url("http://noticias.laprensa.com.ni/wp-content/plugins/shortcodes-ultimate/assets/images/swiper/cat-b-default.png") no-repeat;opacity: 1;border-radius: 0px;-moz-border-radius: 0px;}
#category-slider .su-carousel {margin-bottom: 0px;}
.carousel-cartelera .su-carousel-prev, #category-slider .su-carousel-prev {right: 0px;margin-right: 5px;background-position: -40px 0;opacity: 1;}
.carousel-cartelera .su-carousel-next, #category-slider .su-carousel-next {left: 20px;background-position: 0 0;opacity: 1;}
.carousel-cartelera .su-carousel-prev:hover, .carousel-cartelera .su-carousel-next:hover, #category-slider .su-carousel-prev:hover, #category-slider .su-carousel-next:hover {opacity: 1;}
#category-slider .su-carousel-slides {margin: 1px 1px;top: -30px;padding-top: 20px;border: 1px solid #ccc;overflow: hidden;}
#category-slider .su-carousel-slide img {padding: 0px;border: 0;border: 1px solid #ccc;border-radius: 0px;-moz-border-radius: 0px;-webkit-border-radius: 0px;width: 190px;}
.cat_carousel_title {margin-right: 15px;}
.cat_carousel_description {margin-right: 15px;}
#tablepress-21 .column-1 img {position: relative;top: 30px;}
#tablepress-22 .column-1 img {position: relative;top: 30px;}
@media (max-width: 585px) {#main-nav {height: 25px;}
}.su-carousel .su-carousel-slide-title {position: absolute;left: 9px;right: 9px;top: 4px;display: block;padding: 2px 3px;color: #000;line-height: 1.2;font-size: 15px;width: 300px;background: #fff;background: rgba(0,0,0,.5);box-sizing: border-box;-moz-box-sizing: border-box;-webkit-box-sizing: border-box;transition: opacity 1s;-o-transition: opacity 1s;-ie-transition: opacity 1s;-moz-transition: opacity 1s;-webkit-transition: opacity 1s;}
.carousel-cartelera .su-carousel-slide-title {display: none;}
.cart-prox .su-carousel-slides {margin-left: 1px;}
.cart-prox .su-carousel-slide img {border-radius: 0px;padding: 0px;border: 3px solid #000;width: 95%;}
.cart-prox .su-carousel-slide-title {display: none;}
.lptv-excerpt {padding-left: 10px;}
@media (max-width: 650px) {.float_left {width: 100%;float: left;clear: both;}
.float_right {width: 100%;float: right;clear: both;}
}@media (min-width: 650px) {.float_left {width: 50%;float: left;margin-right: 10px;}
.float_right {width: 50%;float: right;margin-right: 10px;}
}@media (max-width: 550px) {#cat-ad-468x60 {display: none;}
}.line-container {display: table-cell;width: 100%;}
.line {height: 1px;margin-bottom: .3em;width: 100%;background: #717171;border-bottom: 1px solid #313030;}
.tcpf h1, .tcpf h2, .tcpf h3, .tcpf h4, .tcpf h6 {font-size: 16px;margin: 0;line-height: 1.6;padding: 0;overflow: hidden;text-overflow: ellipsis;white-space: nowrap;}
.su-heading-style-modern-1-blue .su-heading-inner {display: initial;padding: 0px;line-height: 1.2;}
.su-heading.su-heading-align-left .su-heading-inner {font-size: .9em;padding-left: 0px;}
.title-left {display: table-cell;min-width: 42px;padding-right: 4px;white-space: nowrap;font-family: StagSansBook;}
.twodots {display: table-cell;padding: 0px;min-height: 13px;min-width: 4px;width: 100%;background-image: url("2dots.png");background-position: left center;background-repeat: repeat-x;vertical-align: top;}
#su_carousel_53866add24bee > div.su-slider-slides > div:nth-child(2) > a > span {position: relative;width: 200px;top: -50px;z-index: 10000;background-color: #909090;font-size: 1.2em;}
#thetabs {font-size: .9em;background-color: #369;padding-right: 5px;padding-left: 5px;color: #fff;font-family: Arial;border-radius: 5px 5px 0 0;}
.su-heading-style-modern-1-blue {border-bottom: 0px solid #000;color: #000;line-height: 1;}
.su-slider-slide-title {margin: 0px;font-size: 2em;bottom: 0px;left: 0px;height: 100px;width: 100%;max-width: 100%;border-radius: 0;}
@media (min-width:693px) and (max-width:880px) {#content > div:nth-child(8) > div > div.su-column.su-column-size-3-4 {width: 100%;}
}@media (max-width: 905px) {#content > div.su-spacer.homespace {display: none;}
#sports-breves {display: none;}
}#shortcodes-ultimate-109 > div.textwidget > div:nth-child(3) > div > div.su-tabs-panes > div:nth-child(3) {padding: 0px;}
#shortcodes-ultimate-109 > div.textwidget > div:nth-child(3) > div > div.su-tabs-panes > div:nth-child(2) {padding: 0px;}
#shortcodes-ultimate-109 > div.textwidget > div:nth-child(3) > div > div.su-tabs-panes > div:nth-child(1) {padding: 0px;}
#shortcodes-ultimate-116 > h2 {display: none;}
th, td {padding: .2em;}
#shortcodes-ultimate-109 > div.widget-title {display: none;}
#shortcodes-ultimate-111 > h2 {display: none;}
#shortcodes-ultimate-109 > h2 {display: none;}
.tablepress {margin-bottom: 0em;}
#su_slider_537ff9adb6e10 > div.su-slider-slides > div.su-slider-slide.su-slider-slide-visible.su-slider-slide-active > a > img {color: #fff;size: 1.2em;}
@media (min-width: 978px) and (max-width: 1005px) {#tagbox {width: 100%;padding-left: 2px;padding-bottom: 6px;padding-top: 2px;background-color: #f5f5f5;position: relative;float: left;font-size: 1.1em;overflow: hidden;}
}@media (min-width: 300px) and (max-width: 979px) {#tv-box-wrapper {display: none;}
#content > div:nth-child(8) > div > div.su-column.su-column-size-1-4 {display: none;}
#blockofsidebarads {display: none;}
#aftersidebar {display: none;}
#shortcodes-ultimate-81 {display: none;}
#shortcodes-ultimate-89 {display: none;}
}.category-aqui-entre-nos {width: 98%;}
.category-la-prensa-domingo {width: 98%;}
@media (min-width: 972px) and (max-width: 1006px) {#widgets {display: none;}
}.aside-div {margin: 4px;width: 200px;float: right;}
#simple_ads_manager_zone_widget-2 {display: none;}
#middle-home-ad-468x60 {background-color: #ccc;width: 468px;height: 60px;}
#container {padding: 0px 2px;}
#shortcodes-ultimate-81 > div.textwidget > div:nth-child(2) > div:nth-child(3) > div > div.su-tabs-panes > div:nth-child(2) {padding: 0px;}
#shortcodes-ultimate-81 > div.textwidget > div:nth-child(2) > div:nth-child(3) > div > div.su-tabs-panes > div:nth-child(1) {padding: 0px;}
@media (max-width: 890px) {#sportsad1 {display: none;}
#sportsad2 {display: none;}
#destacados-sidebar {display: none;}
}@media (min-width:650px) {#menu-item-1096841 {display: none;}
#menu-item-1045921 {display: none;}
}@media (min-width: 890px) {#menu-item-1096841 {display: none;}
#menu-item-1045921 {display: none;}
#minisportsad1 {display: none;}
#minisportsad2 {display: none;}
}@media (max-width: 1006px) {#lptvhb-top-social-icons {display: none;}
#lptvhb-spacer {display: none;}
#lptvhb-search {display: none;}
.linkstrips {display: none;}
.topsidead {display: none;}
.topad {display: none;}
#medad {display: none;}
#lptv-main-box {position: relative;top: -25px;}
#destacados-deportes {display: none;}
#middle-home-ad-468x60 {display: none;}
#simple_ads_manager_zone_widget-2 {display: none;}
#shortcodes_ultimate-106 {display: none;}
#shortcodes-ultimate-101 {display: none;}
#rightad {display: none;}
#leftad {display: none;}
.home-728x90 {display: none;}
#contactanos-banner {display: none;}
#shortcodes-ultimate-106 {display: none;}
}.trapezoid {vertical-align: middle;position: absolute;border-top: 60px solid #369;border-left: 45px solid transparent;border-bottom-left-radius: 30px;border-bottom-right-radius: 15px;border-top-right-radius: 3px;height: 0;width: 60%;display: inline-block;right: 1px;}
#sports-words {position: absolute;color: #fff;z-index: 10000;left: 50px;top: 5px;font-family: Arial Black;background-color: #909090;padding-left: 0px;}
#top_bar {background-color: #000;border-bottom: 1px solid #666;color: #222;color: white;position: fixed;left: 0px;top: 0px;width: 100%;overflow: hidden;height: 90%;font-weight: normal;white-space: nowrap;z-index: 20;line-height: 45px;min-width: 320px;max-width: 100%;max-height: 28px;border-radius: 5px;text-shadow: rgba(0,0,0,.6) 0px -1px 0px;}
#top_bar:after {content: "";width: 10%;display: inline-block;font-size: 0;line-height: 0;}
#top_title, #top_left_button, #notifications, #top_right_button {color: white;height: 100%;overflow: hidden;display: inline-block;text-align: center;vertical-align: middle;}
#top_left_button, #top_right_button {width: 100px;background: rgba(100,255,255,.1);}
#top_left_button {border-right: 2px solid #666;}
#tablepress-21 > caption {display: none;}
#tablepress-22 > caption {display: none;}
#tablepress-19 > caption {display: none;}
#tablepress-20 > caption {display: none;}
#shortcodes-ultimate-89 > div.textwidget > div:nth-child(2) {height: 330px;}
#shortcodes-ultimate-106 > div.widget-title {display: none;}
#shortcodes-ultimate-106 {padding: 0px;}
#tv-box-group > div > div.su-custom-gallery.su-custom-gallery-title-always.lptv-gallery-sidebar.su-lightbox-gallery > div.su-custom-gallery-slide > a:nth-child(2) > span {height: 18px;font-size: 1.1em;background-color: #fff;color: #369;position: relative;left: -4px;border: 4px solid #000;width: 289px;}
#hideonipad {position: relative;left: -5px;}
#shoppingcart-widget-4 {margin: 2px;padding: 2px;}
#content {margin-right: 8px;}
#shortcodes-ultimate-81 > div.textwidget > div.su-animate.fadeIn.animated > div {background-color: #fff;}
#shortcodes-ultimate-81 {border: 0px solid #fff;}
#su_carousel_536d98e114cd4 {margin-bottom: 3px;}
#su_slider_536d97ebb9f12 {margin-bottom: 5px;}
#shortcodes-ultimate-105 {padding: 0px;}
#su_carousel_536c970291eaa {margin-bottom: 2px;}
#su_carousel_536c95ef4ea88 {margin-bottom: 2px;}
#post-58 > div.post-entry > div > div.su-column.su-column-size-1-4 > div > div.su-tabs.su-tabs-style-default.my-custom-tabs > div.su-tabs-panes > div:nth-child(2) > div > div.su-box-content.su-clearfix {padding: 0px;}
#post-58 > div.post-entry > div > div.su-column.su-column-size-1-4 > div > div.su-tabs.su-tabs-style-default.my-custom-tabs > div.su-tabs-panes > div:nth-child(1) > div > div.su-box-content.su-clearfix {padding: 0px;}
#post-58 > div.post-entry > div > div.su-column.su-column-size-1-4 > div > div.su-tabs.su-tabs-style-default.my-custom-tabs > div.su-tabs-panes > div:nth-child(3) > div > div.su-box-content.su-clearfix {padding: 0px;}
#post-58 > div.post-entry > div > div.su-column.su-column-size-1-4 > div > div.su-tabs.su-tabs-style-default.my-custom-tabs > div.su-tabs-nav {padding: .5px;margin: 0px;}
#post-58 > div.post-entry > div > div.su-column.su-column-size-1-4 > div > div.su-box.su-box-style-soft.archivo-aside > div.su-box-content.su-clearfix {padding: 0px;}
#su-post-thumbnail {padding-right: 10px;}
#shortcodes-ultimate-104 {padding: 0px;}
#shortcodes-ultimate-103 {padding: 0px;}
#simple_ads_manager_widget-4 > div.widget-title {display: none;}
#simple_ads_manager_widget-4 {padding: 0;}
#shortcodes-ultimate-100 > div.widget-title {display: none;}
#simple_ads_manager_widget-3 > div.widget-title {display: none;}
#simple_ads_manager_widget-3 {padding: 0px;}
@media (min-width: 650px) {#menu-item-6389 {display: none;}
}@media (min-width: 768px) {#tcp_shortcode_deportes-ipad-view-home {display: none;}
}@media (max-width: 850px) {#homespace {display: none;}
}@media (max-width: 800px) {#menu-item-5702 {display: none;}
}@media (max-width: 768px) {#tcp_shortcode_deportes-column-view-home {display: none;}
#destacados_bar {display: none;}
#destacados {display: none;}
#tcp_shortcode_posts_deportes_homepage_vertical {display: none;}
#wrapper {margin: 0px;padding: 0 2px 2px 2px;}
#container {margin: 0px;}
.wrapper {margin: 0px;padding: 0 2px 2px 2px;}
.container {margin: 0px;}
#menu-item-6389 {display: none;}
#shortcodes-ultimate-101 {display: none;}
#hideonipad {display: none;}
.bottom-corner-ad {display: none;}
}@media (max-width: 820px) {menu-item-6389 {display: none;}
}#ipad-only {display: none;}
#post-79 > h1 {display: none;}
@media all and (device-width: 768px) and (device-height: 1024px) and (orientation:portrait) {.ipad-portrait {color: red;}
#toprightad {display: none;}
#rightad {display: none;}
#leftad {display: none;}
#hideonipad {display: none;}
.bottom-corner-ad {display: none;}
}@media all and (device-width: 768px) and (device-height: 1024px) and (orientation:landscape) {.ipad-landscape {color: blue;}
#rightad {display: none;}
#leftad {display: none;}
}#shortcodes-ultimate-101 {background-color: #fff;border: 0px;border-color: #fff;}
#post-213 > div.post-entry > p:nth-child(1) {display: none;}
#post-213 > h1 {display: none;}
#shortcodes-ultimate-101 {padding: 0px;}
#shortcodes-ultimate-101 > div.widget-title > h3 {display: none;}
@media (max-width: 980px) {#shortcodes-ultimate-86 {display: none;}
#shortcodes-ultimate-101 {display: none;}
#shortcodes-ultimate-80 {display: none;}
}@media (max-width: 1010px) {#wrapper > div:nth-child(4) > div.desacados_bar {display: none;}
}@media (max-width: 980px) {#shortcodes-ultimate-101 {display: none;}
}.tcp-grid-item {width: 100%;padding: 10px;line-height: 1.625em;text-decoration: none;-moz-border-radius: 0px;-khtml-border-radius: 0px;-webkit-border-radius: 0px;vertical-align: top;box-shadow: 0 0px 0px rgba(0,0,0,.3);overflow: hidden;position: relative;}
#shortcodes-ultimate-100 {padding: 0px;background-color: #000;border-color: #000;}
#youtubefeederwidget-2 {background-color: #000;border-color: #000;}
#center-ad-4 {display: none;}
#tcp_shortcode_tag_cloud > div > div > div.tcp-product-439979.tcp_col.tcp_col_1.tcp_col_xs_1.tcp_2_cols.col-xs-6.col-sm-6.col-md-6.col-lg-6 > div > div > div > span > span.tcp-product-taxonomy.tcp-product-taxonomy-category {display: none;}
#tcp_shortcode_tag_cloud > div > div > div.tcp-product-444272.tcp_col.tcp_col_2.tcp_col_xs_2.tcp_2_cols.col-xs-6.col-sm-6.col-md-6.col-lg-6 {display: none;}
#tcp_shortcode_tag_cloud > div > div > div.tcp-product-439979.tcp_col.tcp_col_1.tcp_col_xs_1.tcp_2_cols.col-xs-6.col-sm-6.col-md-6.col-lg-6 {width: 100%;}
#shortcodes-ultimate-80 > div.widget-title > h3 {display: none;}
#shortcodes-ultimate-81 > div.widget-title > h3 {display: none;}
#shortcodes-ultimate-86 > div.widget-title > h3 {display: none;}
#shortcodes-ultimate-51 > div.widget-title > h3 {display: none;}
#post-213 > h1 {display: none;}
#post-58 > h1 {display: none;}
#shortcodes-ultimate-51 {padding: 0px;}
#shortcodes-ultimate-86 {padding: 0px;}
#shortcodes-ultimate-81 {padding: 0px;}
#shortcodes-ultimate-80 {padding: 0px;}
#shortcodes-ultimate-89 > div.widget-title > h3 {display: none;}
#shortcodes-ultimate-89 {padding: 0px;}
#youtubefeederwidget-2 {max-height: 250px;padding: 0px;}
@media (min-width: 1200px) {}@media (min-width: 768px) and (max-width: 979px) {}@media (max-width: 767px) {}@media (max-width: 767px) {}@media (max-width: 480px) {#menu-item-5702 {display: none;}
}@media (min-width: 768px) and (max-width: 979px) {}@media (min-width: 1200px) {}@media (max-width: 979px) {}@media (min-width: 980px) {}@media (max-width: 320px) {#menu-item-5702 {display: none;}
#logo-social {width: 300px;margin: 0 auto;}
.main-nav {width: 300px;}
.sub-header-menu {width: 300px;}
#left-col {width: 300px;}
#dept-block {border: 0px solid #000;background-color: #eae8dd;margin: 0px;padding: 10px;min-height: 434px;}
#dept-story-1 {position: relative;float: left;width: 98%;margin: 0 auto;}
#dept-story-2 {position: relative;float: left;width: 98%;margin: 0 auto;}
#center-home-ad-2 {position: relative;float: left;margin: 10px 0px 10px 80px;}
}.navigation li a, .navigation li a:hover, .navigation li.active a, .navigation li.disabled {color: #fff;text-decoration: none;}
.navigation li {display: inline;}
.navigation li a, .navigation li a:hover, .navigation li.active a, .navigation li.disabled {background-color: #369;border-radius: 3px;cursor: pointer;padding-left: 12px;padding-right: 12px;padding-top: 6px;padding-bottom: 6px;padding: .75rem;}
.navigation li a:hover, .navigation li.active a {background-color: #6fb7e9;}
#footer {background: #2b4c92;}
#footer .footer-menu a {border: none;color: #fff;font-size: 15px;font-weight: 700;}
#footer .textwidget {color: #fff;}
#footer .widget-wrapper {background: transparent;color: #fff;padding: 0;}
#footer a, #footer a:hover {color: #fff;text-decoration: none;}
#footer div {color: #fff;}
#footer-menu-container {background-color: #3b5da1;}
#footer-wrapper {margin: 0 auto;}
#menu-informationlinks li a {color: #fff;}
#top-bar-container .widget-wrapper {background: none;border: none;margin: 0;padding: 0;display: block;float: left;}
#top-bar-container .widget-wrapper form {margin: 0;}
.top-menu {float: left;}
.top-menu li {border-left: 1px solid #ccc;display: inline-block;}
.top-menu li a {border-left: none;color: #2b4c92;font-size: 13px;font-weight: 400;font-family: StagBook;}
.top-menu li a:hover {color: #3b5da1;}
ul.social-icons img {max-height: 30px;max-width: 30px;}
#footer .footer-menu a {display: inline-block;text-decoration: none;}
#menu-informationlinks {list-style: none;margin: 0;padding: 0;width: 100%;}
#menu-informationlinks li {display: inline;float: left;width: 50%;}
#menu-informationlinks li a {font-size: 13px;text-decoration: none;}
.social-icons {display: block !important;}
@media (min-width: 1005px) {#lptv-main-box {position: relative;top: -30px;}
#top-bar {background-color: #eff0f2;border-bottom: 0px;display: block;float: left;height: 178px;width: 100%;}
#colophon-widget {float: left;width: 350px;}
#footer {margin: 0;max-width: 100%;padding: 0;width: 100%;}
#footer .copyright {clear: left;}
#footer .footer-menu a {padding: 48px 0;}
#footer .footer-menu a img.wp-post-image {display: inline;}
#footer .footer-menu li {display: inline;margin-left: 20px;margin-right: 20px;text-align: left;}
#footer .social-icons {text-align: left;}
#footer div {border: none;}
#footer-menu-container {height: 123px;margin: 0 0 30px;width: 100%;}
#footer-widget {float: right;width: 650px;}
#footer-widget .widget_search {min-width: 315px;}
#footer-wrapper {width: 1006px;}
#searchform, .top-menu {margin: 0;}
#top-bar-container {height: 37px;margin: 0 auto;padding: 0;width: 1006px;}
#top-bar-container div {float: left;margin: 0;padding: 0;}
#top-menu-container {width: 600px;}
#menu-informationlinks {width: 330px;}
#menu-informationlinks li {width: 50%;}
.fixed {left: 0;position: fixed;top: 0;}
.footer-menu {list-style: none;margin: 0 auto;padding: 0;text-align: center;width: 1006px;}
.top-menu li {height: 27px;margin: 0;padding: 5px 10px;}
}@media only screen and (min-device-width : 320px) and (max-device-width : 480px) {}@media only screen and (min-width : 321px) {#menu-informationlinks {width: 100%;}
#menu-informationlinks li {width: 33%;}
}@media only screen and (max-width : 320px) {#logo-social {width: 300px;margin: 0 auto;}
.main-nav {width: 300px;}
.sub-header-menu {width: 300px;}
#left-col {width: 300px;}
#dept-block {border: 0px solid #000;background-color: #eae8dd;margin: 0px;padding: 10px;min-height: 434px;}
#dept-story-1 {position: relative;float: left;width: 98%;margin: 0 auto;}
#dept-story-2 {position: relative;float: left;width: 98%;margin: 0 auto;}
#center-home-ad-2 {position: relative;float: left;margin: 10px 0px 10px 80px;}
#menu-informationlinks li {width: 33%;}
.mobile-clear {clear: both;}
#dept-block {border: 0px solid #000;background-color: #eae8dd;margin: 0px;padding: 5px;min-height: 434px;}
#dept-story-1 {position: relative;float: left;width: 98%;margin: 0 auto;}
#dept-story-2 {position: relative;float: left;width: 98%;margin: 0 auto;}
}@media only screen and (min-device-width : 768px) and (max-device-width : 1024px) {#top-bar {background-color: #eff0f2;border-bottom: 0px;display: block;float: left;height: 178px;width: 100%;}
}@media only screen and (min-device-width : 768px) and (max-device-width : 1024px) and (orientation : landscape) {}@media only screen and (min-device-width : 768px) and (max-device-width : 1024px) and (orientation : portrait) {}@media only screen and (min-width : 1224px) {}@media only screen and (min-width : 1824px) {}@media only screen and (-webkit-min-device-pixel-ratio: 2) and (min-device-height: 1200px) and (max-device-height: 1300px) and (orientation: portrait) {}@media only screen and (-webkit-min-device-pixel-ratio: 2) and (min-device-width: 1270px) and (max-device-width: 1300px) and (orientation: landscape) {}@media only screen and (-webkit-min-device-pixel-ratio : 1.5), only screen and (min-device-pixel-ratio : 1.5) {}#thetabs {font-size: .9em;background-color: #369;padding-right: 5px;padding-left: 5px;color: #fff;font-family: Arial;border-radius: 5px 5px 0 0;}
.su-heading-style-modern-1-blue {border-bottom: 0px solid #000;color: #000;line-height: 1;}
@media (min-width:693px) and (max-width:880px) {#content > div:nth-child(8) > div > div.su-column.su-column-size-3-4 {width: 100%;}
}@media (max-width: 700px) {#cat-page-ad {display: none;}
#top-three-ops {display: none;}
}@media (max-width: 905px) {#content > div.su-spacer.homespace {display: none;}
#sports-breves {display: none;}
}#shortcodes-ultimate-109 > div.textwidget > div:nth-child(3) > div > div.su-tabs-panes > div:nth-child(3) {padding: 0px;}
#shortcodes-ultimate-109 > div.textwidget > div:nth-child(3) > div > div.su-tabs-panes > div:nth-child(2) {padding: 0px;}
#shortcodes-ultimate-109 > div.textwidget > div:nth-child(3) > div > div.su-tabs-panes > div:nth-child(1) {padding: 0px;}
#shortcodes-ultimate-116 > h2 {display: none;}
th, td {padding: .2em;}
#shortcodes-ultimate-109 > div.widget-title {display: none;}
#shortcodes-ultimate-111 > h2 {display: none;}
#shortcodes-ultimate-109 > h2 {display: none;}
.tablepress {margin-bottom: 0em;}
#su_slider_537ff9adb6e10 > div.su-slider-slides > div.su-slider-slide.su-slider-slide-visible.su-slider-slide-active > a > img {color: #fff;size: 1.2em;}
@media (min-width: 978px) and (max-width: 1005px) {#tagbox {width: 100%;}
}@media (min-width: 300px) and (max-width: 979px) {#tv-box-wrapper {display: none;}
#content > div:nth-child(8) > div > div.su-column.su-column-size-1-4 {display: none;}
#blockofsidebarads {display: none;}
#aftersidebar {display: none;}
#shortcodes-ultimate-81 {display: none;}
#shortcodes-ultimate-89 {display: none;}
}.category-aqui-entre-nos {width: 98%;}
.category-la-prensa-domingo {width: 98%;}
@media (min-width: 972px) and (max-width: 1006px) {#widgets {display: none;}
}.aside-div {margin: 4px;width: 200px;float: right;}
#simple_ads_manager_zone_widget-2 {display: none;}
#middle-home-ad-468x60 {background-color: #ccc;width: 468px;height: 60px;}
#container {padding: 0px 2px;}
#shortcodes-ultimate-81 > div.textwidget > div:nth-child(2) > div:nth-child(3) > div > div.su-tabs-panes > div:nth-child(2) {padding: 0px;}
#shortcodes-ultimate-81 > div.textwidget > div:nth-child(2) > div:nth-child(3) > div > div.su-tabs-panes > div:nth-child(1) {padding: 0px;}
@media (max-width: 890px) {#sportsad1 {display: none;}
#sportsad2 {display: none;}
#destacados-sidebar {display: none;}
}@media (min-width:650px) {#menu-item-1096841 {display: none;}
#menu-item-1045921 {display: none;}
}@media (min-width: 890px) {#menu-item-1096841 {display: none;}
#menu-item-1045921 {display: none;}
#minisportsad1 {display: none;}
#minisportsad2 {display: none;}
}@media (max-width: 1006px) {#lptvhb-top-social-icons {display: none;}
#lptvhb-spacer {display: none;}
#lptvhb-search {display: none;}
.linkstrips {display: none;}
.topsidead {display: none;}
.topad {display: none;}
#medad {display: none;}
#lptv-main-box {position: relative;top: -25px;}
#destacados-deportes {display: none;}
#middle-home-ad-468x60 {display: none;}
#simple_ads_manager_zone_widget-2 {display: none;}
#shortcodes_ultimate-106 {display: none;}
#shortcodes-ultimate-101 {display: none;}
#rightad {display: none;}
#leftad {display: none;}
.home-728x90 {display: none;}
#contactanos-banner {display: none;}
#shortcodes-ultimate-106 {display: none;}
}.trapezoid {vertical-align: middle;position: absolute;border-top: 60px solid #369;border-left: 45px solid transparent;border-bottom-left-radius: 30px;border-bottom-right-radius: 15px;border-top-right-radius: 3px;height: 0;width: 60%;display: inline-block;right: 1px;}
#sports-words {position: absolute;color: #fff;z-index: 10000;left: 50px;top: 5px;font-family: Arial Black;background-color: #909090;padding-left: 0px;}
#top_bar {background-color: #000;border-bottom: 1px solid #666;color: #222;color: white;position: fixed;left: 0px;top: 0px;width: 100%;overflow: hidden;height: 90%;font-weight: normal;white-space: nowrap;z-index: 20;line-height: 45px;min-width: 320px;max-width: 100%;max-height: 28px;border-radius: 5px;text-shadow: rgba(0,0,0,.6) 0px -1px 0px;}
#top_bar:after {content: "";width: 10%;display: inline-block;font-size: 0;line-height: 0;}
#top_title, #top_left_button, #notifications, #top_right_button {color: white;height: 100%;overflow: hidden;display: inline-block;text-align: center;vertical-align: middle;}
#top_left_button, #top_right_button {width: 100px;background: rgba(100,255,255,.1);}
#top_left_button {border-right: 2px solid #666;}
#tablepress-21 > caption {display: none;}
#tablepress-22 > caption {display: none;}
#tablepress-19 > caption {display: none;}
#tablepress-20 > caption {display: none;}
#shortcodes-ultimate-89 > div.textwidget > div:nth-child(2) {height: 330px;}
#shortcodes-ultimate-106 > div.widget-title {display: none;}
#shortcodes-ultimate-106 {padding: 0px;}
#tv-box-group > div > div.su-custom-gallery.su-custom-gallery-title-always.lptv-gallery-sidebar.su-lightbox-gallery > div.su-custom-gallery-slide > a:nth-child(2) > span {height: 18px;font-size: 1.1em;background-color: #fff;color: #369;position: relative;left: -4px;border: 4px solid #000;width: 289px;}
#hideonipad {position: relative;left: -5px;}
#shoppingcart-widget-4 {margin: 2px;padding: 2px;}
#content {margin-right: 8px;}
#shortcodes-ultimate-81 > div.textwidget > div.su-animate.fadeIn.animated > div {background-color: #fff;}
#shortcodes-ultimate-81 {border: 0px solid #fff;}
#su_carousel_536d98e114cd4 {margin-bottom: 3px;}
#su_slider_536d97ebb9f12 {margin-bottom: 5px;}
#shortcodes-ultimate-105 {padding: 0px;}
#su_carousel_536c970291eaa {margin-bottom: 2px;}
#su_carousel_536c95ef4ea88 {margin-bottom: 2px;}
#post-58 > div.post-entry > div > div.su-column.su-column-size-1-4 > div > div.su-tabs.su-tabs-style-default.my-custom-tabs > div.su-tabs-panes > div:nth-child(2) > div > div.su-box-content.su-clearfix {padding: 0px;}
#post-58 > div.post-entry > div > div.su-column.su-column-size-1-4 > div > div.su-tabs.su-tabs-style-default.my-custom-tabs > div.su-tabs-panes > div:nth-child(1) > div > div.su-box-content.su-clearfix {padding: 0px;}
#post-58 > div.post-entry > div > div.su-column.su-column-size-1-4 > div > div.su-tabs.su-tabs-style-default.my-custom-tabs > div.su-tabs-panes > div:nth-child(3) > div > div.su-box-content.su-clearfix {padding: 0px;}
#post-58 > div.post-entry > div > div.su-column.su-column-size-1-4 > div > div.su-tabs.su-tabs-style-default.my-custom-tabs > div.su-tabs-nav {padding: .5px;margin: 0px;}
#post-58 > div.post-entry > div > div.su-column.su-column-size-1-4 > div > div.su-box.su-box-style-soft.archivo-aside > div.su-box-content.su-clearfix {padding: 0px;}
#su-post-thumbnail {padding-right: 10px;}
#shortcodes-ultimate-104 {padding: 0px;}
#shortcodes-ultimate-103 {padding: 0px;}
#simple_ads_manager_widget-4 > div.widget-title {display: none;}
#simple_ads_manager_widget-4 {padding: 0;}
#shortcodes-ultimate-100 > div.widget-title {display: none;}
#simple_ads_manager_widget-3 > div.widget-title {display: none;}
#simple_ads_manager_widget-3 {padding: 0px;}
@media (min-width: 650px) {#menu-item-6389 {display: none;}
}@media (min-width: 768px) {#tcp_shortcode_deportes-ipad-view-home {display: none;}
}@media (max-width: 850px) {#homespace {display: none;}
}@media (max-width: 800px) {#menu-item-5702 {display: none;}
}@media (max-width: 768px) {#tcp_shortcode_deportes-column-view-home {display: none;}
#destacados_bar {display: none;}
#destacados {display: none;}
#tcp_shortcode_posts_deportes_homepage_vertical {display: none;}
#wrapper {margin: 0px;padding: 0 2px 2px 2px;}
#container {margin: 0px;}
.wrapper {margin: 0px;padding: 0 2px 2px 2px;}
.container {margin: 0px;}
#menu-item-6389 {display: none;}
#shortcodes-ultimate-101 {display: none;}
#hideonipad {display: none;}
.bottom-corner-ad {display: none;}
}@media (max-width: 820px) {menu-item-6389 {display: none;}
}#ipad-only {display: none;}
#post-79 > h1 {display: none;}
@media all and (device-width: 768px) and (device-height: 1024px) and (orientation:portrait) {.ipad-portrait {color: red;}
#toprightad {display: none;}
#rightad {display: none;}
#leftad {display: none;}
#hideonipad {display: none;}
.bottom-corner-ad {display: none;}
}@media all and (device-width: 768px) and (device-height: 1024px) and (orientation:landscape) {.ipad-landscape {color: blue;}
#rightad {display: none;}
#leftad {display: none;}
}#shortcodes-ultimate-101 {background-color: #fff;border: 0px;border-color: #fff;}
#post-213 > div.post-entry > p:nth-child(1) {display: none;}
#post-213 > h1 {display: none;}
#shortcodes-ultimate-101 {padding: 0px;}
#shortcodes-ultimate-101 > div.widget-title > h3 {display: none;}
@media (max-width: 700px) {#shortcode-ultimate-80 {display: none;}
#shortcode-ultimate-86 {display: none;}
#shortcodes-ultimate-101 {display: none;}
#topsidead {display: none;}
.social-icons {display: none;}
.bottom-corner-ad {display: none;}
}@media (max-width: 980px) {#shortcodes-ultimate-86 {display: none;}
#shortcodes-ultimate-101 {display: none;}
#shortcodes-ultimate-80 {display: none;}
}@media (max-width: 1010px) {#wrapper > div:nth-child(4) > div.desacados_bar {display: none;}
}@media (max-width: 980px) {#shortcodes-ultimate-101 {display: none;}
}#widgets {margin-top: 0px;width: 320px;}
.tcp-grid-item {width: 100%;padding: 10px;line-height: 1.625em;text-decoration: none;-moz-border-radius: 0px;-khtml-border-radius: 0px;-webkit-border-radius: 0px;vertical-align: top;box-shadow: 0 0px 0px rgba(0,0,0,.3);overflow: hidden;position: relative;}
#shortcodes-ultimate-100 {padding: 0px;background-color: #000;border-color: #000;}
#youtubefeederwidget-2 {background-color: #000;border-color: #000;}
#center-ad-4 {display: none;}
#tcp_shortcode_tag_cloud > div > div > div.tcp-product-439979.tcp_col.tcp_col_1.tcp_col_xs_1.tcp_2_cols.col-xs-6.col-sm-6.col-md-6.col-lg-6 > div > div > div > span > span.tcp-product-taxonomy.tcp-product-taxonomy-category {display: none;}
#tcp_shortcode_tag_cloud > div > div > div.tcp-product-444272.tcp_col.tcp_col_2.tcp_col_xs_2.tcp_2_cols.col-xs-6.col-sm-6.col-md-6.col-lg-6 {display: none;}
#tcp_shortcode_tag_cloud > div > div > div.tcp-product-439979.tcp_col.tcp_col_1.tcp_col_xs_1.tcp_2_cols.col-xs-6.col-sm-6.col-md-6.col-lg-6 {width: 100%;}
#shortcodes-ultimate-80 > div.widget-title > h3 {display: none;}
#shortcodes-ultimate-81 > div.widget-title > h3 {display: none;}
#shortcodes-ultimate-86 > div.widget-title > h3 {display: none;}
#shortcodes-ultimate-51 > div.widget-title > h3 {display: none;}
#post-213 > h1 {display: none;}
#post-58 > h1 {display: none;}
#shortcodes-ultimate-51 {padding: 0px;}
#shortcodes-ultimate-86 {padding: 0px;}
#shortcodes-ultimate-81 {padding: 0px;}
#shortcodes-ultimate-80 {padding: 0px;}
#shortcodes-ultimate-89 > div.widget-title > h3 {display: none;}
#shortcodes-ultimate-89 {padding: 0px;}
#youtubefeederwidget-2 {max-height: 250px;padding: 0px;}
@media (min-width: 1200px) {}@media (min-width: 768px) and (max-width: 979px) {}@media (max-width: 767px) {}@media (max-width: 767px) {}@media (max-width: 480px) {#menu-item-5702 {display: none;}
}@media (min-width: 768px) and (max-width: 979px) {}@media (min-width: 1200px) {}@media (max-width: 979px) {}@media (min-width: 980px) {}@media (max-width: 320px) {#menu-item-5702 {display: none;}
#logo-social {width: 300px;margin: 0 auto;}
.main-nav {width: 300px;}
.sub-header-menu {width: 300px;}
#left-col {width: 300px;}
#dept-block {border: 0px solid #000;background-color: #eae8dd;margin: 0px;padding: 5px;min-height: 434px;}
#dept-story-1 {position: relative;float: left;width: 98%;margin: 0 auto;}
#dept-story-2 {position: relative;float: left;width: 98%;margin: 0 auto;}
#center-home-ad-2 {position: relative;float: left;margin: 10px 0px 10px 80px;}
}.navigation li a, .navigation li a:hover, .navigation li.active a, .navigation li.disabled {color: #fff;text-decoration: none;}
.navigation li {display: inline;}
.navigation li a, .navigation li a:hover, .navigation li.active a, .navigation li.disabled {background-color: #369;border-radius: 3px;cursor: pointer;padding-left: 12px;padding-right: 12px;padding-top: 6px;padding-bottom: 6px;padding: .75rem;}
.navigation li a:hover, .navigation li.active a {background-color: #6fb7e9;}
#footer {background: #2b4c92;}
#footer .footer-menu a {border: none;color: #fff;font-size: 15px;font-weight: 700;}
#footer .textwidget {color: #fff;}
#footer .widget-wrapper {background: transparent;color: #fff;padding: 0;}
#footer a, #footer a:hover {color: #fff;text-decoration: none;}
#footer div {color: #fff;}
#footer-menu-container {background-color: #3b5da1;}
#footer-wrapper {margin: 0 auto;}
#menu-informationlinks li a {color: #fff;}
#top-bar-container .widget-wrapper {background: none;border: none;margin: 0;padding: 0;display: block;float: left;}
#top-bar-container .widget-wrapper form {margin: 0;}
.top-menu {float: left;}
.top-menu li {border-left: 1px solid #ccc;display: inline-block;}
ul.social-icons img {max-height: 30px;max-width: 30px;}
#footer .footer-menu a {display: inline-block;text-decoration: none;}
#menu-informationlinks {list-style: none;margin: 0;padding: 0;width: 100%;}
#menu-informationlinks li {display: inline;float: left;width: 50%;}
#menu-informationlinks li a {font-size: 13px;text-decoration: none;}
.social-icons {display: block !important;}
@media (min-width: 1005px) {#lptv-main-box {position: relative;top: -30px;}
#top-bar {background-color: #eff0f2;border-bottom: 0px;display: block;float: left;height: 178px;width: 100%;}
#colophon-widget {float: left;width: 350px;}
#footer {margin: 0;max-width: 100%;padding: 0;width: 100%;}
#footer .copyright {clear: left;}
#footer .footer-menu a {padding: 48px 0;}
#footer .footer-menu a img.wp-post-image {display: inline;}
#footer .footer-menu li {display: inline;margin-left: 20px;margin-right: 20px;text-align: left;}
#footer .social-icons {text-align: left;}
#footer div {border: none;}
#footer-menu-container {height: 123px;margin: 0 0 30px;width: 100%;}
#footer-widget {float: right;width: 650px;}
#footer-widget .widget_search {min-width: 315px;}
#footer-wrapper {width: 1006px;}
#searchform, .top-menu {margin: 0;}
#top-bar-container {height: 37px;margin: 0 auto;padding: 0;width: 1006px;}
#top-bar-container div {float: left;margin: 0;padding: 0;}
#top-menu-container {width: 600px;}
#menu-informationlinks {width: 330px;}
#menu-informationlinks li {width: 50%;}
.fixed {left: 0;position: fixed;top: 0;}
.footer-menu {list-style: none;margin: 0 auto;padding: 0;text-align: center;width: 1006px;}
.top-menu li {height: 27px;margin: 0;padding: 5px 10px;}
}@media only screen and (min-device-width : 320px) and (max-device-width : 480px) {}@media only screen and (min-width : 321px) {#menu-informationlinks {width: 100%;}
#menu-informationlinks li {width: 33%;}
}@media only screen and (max-width : 320px) {#logo-social {width: 300px;margin: 0 auto;}
.main-nav {width: 300px;}
.sub-header-menu {width: 300px;}
#left-col {width: 300px;}
#dept-block {border: 0px solid #000;background-color: #eae8dd;margin: 0px;padding: 5px;min-height: 434px;}
#dept-story-1 {position: relative;float: left;width: 98%;margin: 0 auto;}
#dept-story-2 {position: relative;float: left;width: 98%;margin: 0 auto;}
#center-home-ad-2 {position: relative;float: left;margin: 10px 0px 10px 80px;}
#menu-informationlinks li {width: 33%;}
.mobile-clear {clear: both;}
#dept-block {border: 0px solid #000;background-color: #eae8dd;margin: 0px;padding: 5px;min-height: 434px;}
#dept-story-1 {position: relative;float: left;width: 98%;margin: 0 auto;}
#dept-story-2 {position: relative;float: left;width: 98%;margin: 0 auto;}
}@media only screen and (min-device-width : 768px) and (max-device-width : 1024px) {#top-bar {background-color: #eff0f2;border-bottom: 0px;display: block;float: left;height: 178px;width: 100%;}
}@media only screen and (min-device-width : 768px) and (max-device-width : 1024px) and (orientation : landscape) {}@media only screen and (min-device-width : 768px) and (max-device-width : 1024px) and (orientation : portrait) {}@media only screen and (min-width : 1224px) {}@media only screen and (min-width : 1824px) {}@media only screen and (-webkit-min-device-pixel-ratio: 2) and (min-device-height: 1200px) and (max-device-height: 1300px) and (orientation: portrait) {}@media only screen and (-webkit-min-device-pixel-ratio: 2) and (min-device-width: 1270px) and (max-device-width: 1300px) and (orientation: landscape) {}@media only screen and (-webkit-min-device-pixel-ratio : 1.5), only screen and (min-device-pixel-ratio : 1.5) {}
@import url("daves-style.css");@import url("shawn-style.css");@import url("media-query-rules.css");@font-face {font-family: "StagBook";src: url("core/fonts/stag-book-webfont.eot?#iefix");src: url("core/fonts/stag-book-webfont.woff") format("woff"),url("core/fonts/stag-book-webfont.ttf") format("truetype"),url("core/fonts/stag-book-webfont.svg") format("svg");font-weight: normal;font-style: normal;}@font-face {font-family: "StagSansBook";src: url("core/fonts/stagsans-book-webfont.eot");src: url("core/fonts/stagsans-book-webfont.eot?#iefix") format("embedded-opentype"),url("core/fonts/stagsans-book-webfont.woff") format("woff"),url("core/fonts/stagsans-book-webfont.ttf") format("truetype"),url("core/fonts/stagsans-book-webfont.svg#stag_sansbook") format("svg");font-weight: normal;font-style: normal;}#tag_cloud-8 > h2 {display: none;}
#tag_cloud-9 > h2 {display: none;}
#tag_cloud-5 > h2 {display: none;}
#tag_cloud-6 > h2 {display: none;}
#tag_cloud-7 > h2 {display: none;}
#tag_cloud-4 > h2 {display: none;}
#tag_cloud-3 > h2 {display: none;}
.menu, .top-menu {font-family: "Times New Roman",Times,serif;}
.sectionheader {font-family: StagBook,"Palatino Linotype","Book Antiqua",Palatino,serif !important;}
body {font-family: Arial,Helvetica,sans-serif;}
.su-heading-style-modern-1-blue .su-heading-inner {padding: 0px;}
#shortcodes-ultimate-89 > div.widget-title > h3 {display: none;}
#shortcodes-ultimate-80 > div.widget-title > h3 {display: none;}
#shortcodes-ultimate-81 > div.widget-title > h3 {display: none;}
#shortcodes-ultimate-86 > div.widget-title > h3 {display: none;}
#shortcodes-ultimate-51 > div.widget-title > h3 {display: none;}
#post-213 > h1 {display: none;}
#post-58 > h1 {display: none;}
#shortcodes-ultimate-51 {padding: 0px;}
#shortcodes-ultimate-86 {padding: 0px;}
#shortcodes-ultimate-81 {padding: 0px;}
#shortcodes-ultimate-80 {padding: 0px;}
#shortcodes-ultimate-89 {padding: 0px;}
#shortcodes-ultimate-101.widget-wrapper.shortcodes-ultimate:before {padding: 0px;}
#youtubefeederwidget-2 {max-height: 250px;padding: 0px;}
@media (max-width: 1006px) {#topad {display: none;}
#shortcodes-ultimate-101 {display: none;}
#rightad {display: none;}
#leftad {display: none;}
}.msie-box {max-width: 1006px;}
#container {max-width: 1006px;}
#wrapper {margin: 4px auto 4px auto;padding: 0 4px 4px 4px;}
#widgets {margin-top: 0px;width: 300px;}
.su-tabs.my-custom-tabs {background-color: #369;}
.su-tabs.my-custom-tabs .su-tabs-nav span {font-size: .8em;color: #fff;}
.su-tabs.my-custom-tabs .su-tabs-nav span.su-tabs-current {background-color: #369;}
.su-tabs.my-custom-tabs .su-tabs-pane {padding: 0em;font-size: .85em;background-color: #369;}
.widget-wrapper {-webkit-border-radius: 4px;-moz-border-radius: 4px;border: 1px;background-color: #fff;border-radius: 4px;margin: 0 0 20px;padding: 23px;}
#content-search {margin-right: 8px;}
#content-archive {margin-right: 8px;}
@media (min-width:693px) and (max-width:880px) {#content > div:nth-child(8) > div > div.su-column.su-column-size-3-4 {width: 100%;}
}@media (max-width: 700px) {#cat-page-ad {display: none;}
}@media (max-width: 905px) {#content > div.su-spacer.homespace {display: none;}
}#shortcodes-ultimate-109 > div.textwidget > div:nth-child(3) > div > div.su-tabs-panes > div:nth-child(3) {padding: 0px;}
#shortcodes-ultimate-109 > div.textwidget > div:nth-child(3) > div > div.su-tabs-panes > div:nth-child(2) {padding: 0px;}
#shortcodes-ultimate-109 > div.textwidget > div:nth-child(3) > div > div.su-tabs-panes > div:nth-child(1) {padding: 0px;}
#shortcodes-ultimate-116 > h2 {display: none;}
th, td {padding: .2em;}
#shortcodes-ultimate-109 > div.widget-title {display: none;}
#shortcodes-ultimate-111 > h2 {display: none;}
#shortcodes-ultimate-109 > h2 {display: none;}
.tablepress {margin-bottom: 0em;}
#su_slider_537ff9adb6e10 > div.su-slider-slides > div.su-slider-slide.su-slider-slide-visible.su-slider-slide-active > a > img {color: #fff;size: 1.2em;}
@media (min-width: 978px) and (max-width: 1005px) {#tagbox {width: 100%;}
}@media (min-width: 300px) and (max-width: 979px) {#tv-box-wrapper {display: none;}
#content > div:nth-child(8) > div > div.su-column.su-column-size-1-4 {display: none;}
#blockofsidebarads {display: none;}
#aftersidebar {display: none;}
#shortcodes-ultimate-81 {display: none;}
#shortcodes-ultimate-89 {display: none;}
}.category-aqui-entre-nos {width: 98%;}
.category-la-prensa-domingo {width: 98%;}
@media (min-width: 972px) and (max-width: 1006px) {#widgets {display: none;}
}.aside-div {margin: 4px;width: 200px;float: right;}
#simple_ads_manager_zone_widget-2 {display: none;}
#middle-home-ad-468x60 {background-color: #ccc;width: 468px;height: 60px;}
#container {padding: 0px 2px;}
#thetabs {font-size: .9em;background-color: #fff;padding-right: 5px;padding-left: 5px;color: #369;font-family: Arial;border-radius: 5px 5px 0 0;}
#shortcodes-ultimate-81 > div.textwidget > div:nth-child(2) > div:nth-child(3) > div > div.su-tabs-panes > div:nth-child(2) {padding: 0px;}
#shortcodes-ultimate-81 > div.textwidget > div:nth-child(2) > div:nth-child(3) > div > div.su-tabs-panes > div:nth-child(1) {padding: 0px;}
@media (max-width: 890px) {#sportsad1 {display: none;}
#sportsad2 {display: none;}
#destacados-sidebar {display: none;}
}@media (min-width:650px) {#menu-item-1096841 {display: none;}
#menu-item-1045921 {display: none;}
}@media (min-width: 890px) {#menu-item-1096841 {display: none;}
#menu-item-1045921 {display: none;}
#minisportsad1 {display: none;}
#minisportsad2 {display: none;}
}@media (max-width: 1006px) {.linkstrips {display: none;}
#topsidead {display: none;}
#topad {display: none;}
#medad {display: none;}
#destacados-deportes {display: none;}
#middle-home-ad-468x60 {display: none;}
#simple_ads_manager_zone_widget-2 {display: none;}
#shortcodes_ultimate-106 {display: none;}
#shortcodes-ultimate-101 {display: none;}
#rightad {display: none;}
#leftad {display: none;}
#contactanos-banner {display: none;}
#shortcodes-ultimate-106 {display: none;}
}.trapezoid {vertical-align: middle;position: absolute;border-top: 60px solid #369;border-left: 45px solid transparent;border-bottom-left-radius: 30px;height: 0;width: 60%;display: inline-block;right: 1px;}
#sports-words {position: absolute;color: #fff;z-index: 10000;left: 50px;top: 5px;font-family: Arial Black;background-color: #909090;padding-left: 0px;}
#top_bar {background-color: #000;border-bottom: 1px solid #666;color: #222;color: white;position: fixed;left: 0px;top: 0px;width: 100%;overflow: hidden;height: 90%;font-weight: normal;white-space: nowrap;z-index: 20;line-height: 45px;min-width: 320px;max-width: 100%;max-height: 28px;border-radius: 5px;text-shadow: rgba(0,0,0,.6) 0px -1px 0px;}
#top_bar:after {content: "";width: 10%;display: inline-block;font-size: 0;line-height: 0;}
#top_title, #top_left_button, #notifications, #top_right_button {color: white;height: 100%;overflow: hidden;display: inline-block;text-align: center;vertical-align: middle;}
#top_left_button, #top_right_button {width: 100px;background: rgba(100,255,255,.1);}
#top_left_button {border-right: 2px solid #666;}
#tablepress-21 > caption {display: none;}
#tablepress-22 > caption {display: none;}
#tablepress-19 > caption {display: none;}
#tablepress-20 > caption {display: none;}
//.su-slider-slide-title {bottom: 0px;left: 0px;height: 100px;width: 100%;max-width: 100%;border-radius: 0;}
.su-slider-slide-title {line-height: 1.6em;margin: 0px;font-size: 1.6em;bottom: 0px;left: 0px;height: 100px;width: 100%;max-width: 100%;border-radius: 0;}
#shortcodes-ultimate-89 > div.textwidget > div:nth-child(2) {height: 330px;}
#shortcodes-ultimate-106 > div.widget-title {display: none;}
#shortcodes-ultimate-106 {padding: 0px;}
#tv-box-group > div > div.su-custom-gallery.su-custom-gallery-title-always.lptv-gallery-sidebar.su-lightbox-gallery > div.su-custom-gallery-slide > a:nth-child(2) > span {height: 18px;font-size: 1.1em;background-color: #fff;color: #369;position: relative;left: -4px;border: 4px solid #000;width: 289px;}
#hideonipad {position: relative;left: -5px;}
#shoppingcart-widget-4 {margin: 2px;padding: 2px;}
#content {margin-right: 8px;margin-top: 4px;}
#shortcodes-ultimate-81 > div.textwidget > div.su-animate.fadeIn.animated > div {background-color: #fff;}
#shortcodes-ultimate-81 {border: 0px solid #fff;}
#su_carousel_536d98e114cd4 {margin-bottom: 3px;}
#su_slider_536d97ebb9f12 {margin-bottom: 5px;}
#shortcodes-ultimate-105 {padding: 0px;}
#su_carousel_536c970291eaa {margin-bottom: 2px;}
#su_carousel_536c95ef4ea88 {margin-bottom: 2px;}
#post-58 > div.post-entry > div > div.su-column.su-column-size-1-4 > div > div.su-tabs.su-tabs-style-default.my-custom-tabs > div.su-tabs-panes > div:nth-child(2) > div > div.su-box-content.su-clearfix {padding: 0px;}
#post-58 > div.post-entry > div > div.su-column.su-column-size-1-4 > div > div.su-tabs.su-tabs-style-default.my-custom-tabs > div.su-tabs-panes > div:nth-child(1) > div > div.su-box-content.su-clearfix {padding: 0px;}
#post-58 > div.post-entry > div > div.su-column.su-column-size-1-4 > div > div.su-tabs.su-tabs-style-default.my-custom-tabs > div.su-tabs-panes > div:nth-child(3) > div > div.su-box-content.su-clearfix {padding: 0px;}
#post-58 > div.post-entry > div > div.su-column.su-column-size-1-4 > div > div.su-tabs.su-tabs-style-default.my-custom-tabs > div.su-tabs-nav {padding: .5px;margin: 0px;}
#post-58 > div.post-entry > div > div.su-column.su-column-size-1-4 > div > div.su-box.su-box-style-soft.archivo-aside > div.su-box-content.su-clearfix {padding: 0px;}
#su-post-thumbnail {padding-right: 10px;}
#shortcodes-ultimate-104 {padding: 0px;}
#shortcodes-ultimate-103 {padding: 0px;}
#simple_ads_manager_widget-4 > div.widget-title {display: none;}
#simple_ads_manager_widget-4 {padding: 0;}
#shortcodes-ultimate-100 > div.widget-title {display: none;}
#simple_ads_manager_widget-3 > div.widget-title {display: none;}
#simple_ads_manager_widget-3 {padding: 0px;}
@media (min-width: 650px) {#menu-item-6389 {display: none;}
}@media (min-width: 768px) {#tcp_shortcode_deportes-ipad-view-home {display: none;}
}@media (max-width: 850px) {#homespace {display: none;}
}@media (max-width: 800px) {#menu-item-5702 {display: none;}
}@media (max-width: 768px) {#tcp_shortcode_deportes-column-view-home {display: none;}
#destacados_bar {display: none;}
#destacados {display: none;}
#tcp_shortcode_posts_deportes_homepage_vertical {display: none;}
#wrapper {margin: 0px;padding: 0 2px 2px 2px;}
#container {margin: 0px;}
.wrapper {margin: 0px;padding: 0 2px 2px 2px;}
.container {margin: 0px;}
#menu-item-6389 {display: none;}
#shortcodes-ultimate-101 {display: none;}
#hideonipad {display: none;}
.bottom-corner-ad {display: none;}
}@media (max-width: 820px) {menu-item-6389 {display: none;}
}#ipad-only {display: none;}
#post-79 > h1 {display: none;}
@media all and (device-width: 768px) and (device-height: 1024px) and (orientation:portrait) {.ipad-portrait {color: red;}
#toprightad {display: none;}
#rightad {display: none;}
#leftad {display: none;}
#hideonipad {display: none;}
.bottom-corner-ad {display: none;}
}@media all and (device-width: 768px) and (device-height: 1024px) and (orientation:landscape) {.ipad-landscape {color: blue;}
#rightad {display: none;}
#leftad {display: none;}
}#shortcodes-ultimate-101 {background-color: #fff;border: 0px;border-color: #fff;}
#post-213 > div.post-entry > p:nth-child(1) {display: none;}
#post-213 > h1 {display: none;}
#shortcodes-ultimate-101 {padding: 0px;}
#shortcodes-ultimate-101 > div.widget-title > h3 {display: none;}
@media (max-width: 700px) {#shortcode-ultimate-80 {display: none;}
#shortcode-ultimate-86 {display: none;}
#shortcodes-ultimate-101 {display: none;}
#topsidead {display: none;}
.social-icons {display: none;}
.bottom-corner-ad {display: none;}
}@media (max-width: 980px) {#shortcodes-ultimate-86 {display: none;}
#shortcodes-ultimate-101 {display: none;}
#shortcodes-ultimate-80 {display: none;}
}@media (max-width: 1010px) {#wrapper > div:nth-child(4) > div.desacados_bar {display: none;}
}@media (max-width: 980px) {#shortcodes-ultimate-101 {display: none;}
}#widgets {margin-top: 0px;width: 330px;}
.tcp-grid-item {width: 100%;padding: 10px;line-height: 1.625em;text-decoration: none;-moz-border-radius: 0px;-khtml-border-radius: 0px;-webkit-border-radius: 0px;vertical-align: top;box-shadow: 0 0px 0px rgba(0,0,0,.3);overflow: hidden;position: relative;}
#shortcodes-ultimate-100 {padding: 0px;background-color: #000;border-color: #000;}
#youtubefeederwidget-2 {background-color: #000;border-color: #000;}
#center-ad-4 {display: none;}
#tcp_shortcode_tag_cloud > div > div > div.tcp-product-439979.tcp_col.tcp_col_1.tcp_col_xs_1.tcp_2_cols.col-xs-6.col-sm-6.col-md-6.col-lg-6 > div > div > div > span > span.tcp-product-taxonomy.tcp-product-taxonomy-category {display: none;}
#tcp_shortcode_tag_cloud > div > div > div.tcp-product-444272.tcp_col.tcp_col_2.tcp_col_xs_2.tcp_2_cols.col-xs-6.col-sm-6.col-md-6.col-lg-6 {display: none;}
#tcp_shortcode_tag_cloud > div > div > div.tcp-product-439979.tcp_col.tcp_col_1.tcp_col_xs_1.tcp_2_cols.col-xs-6.col-sm-6.col-md-6.col-lg-6 {width: 100%;}
#shortcodes-ultimate-80 > div.widget-title > h3 {display: none;}
#shortcodes-ultimate-81 > div.widget-title > h3 {display: none;}
#shortcodes-ultimate-86 > div.widget-title > h3 {display: none;}
#shortcodes-ultimate-51 > div.widget-title > h3 {display: none;}
#post-213 > h1 {display: none;}
#post-58 > h1 {display: none;}
#shortcodes-ultimate-51 {padding: 0px;}
#shortcodes-ultimate-86 {padding: 0px;}
#shortcodes-ultimate-81 {padding: 0px;}
#shortcodes-ultimate-80 {padding: 0px;}
#shortcodes-ultimate-89 > div.widget-title > h3 {display: none;}
#shortcodes-ultimate-89 {padding: 0px;}
#youtubefeederwidget-2 {max-height: 250px;padding: 0px;}
@media (min-width: 1200px) {}@media (min-width: 768px) and (max-width: 979px) {}@media (max-width: 767px) {}@media (max-width: 767px) {}@media (max-width: 480px) {#menu-item-5702 {display: none;}
}@media (min-width: 768px) and (max-width: 979px) {}@media (min-width: 1200px) {}@media (max-width: 979px) {}@media (min-width: 980px) {}@media (max-width: 320px) {#menu-item-5702 {display: none;}
}.navigation li a, .navigation li a:hover, .navigation li.active a, .navigation li.disabled {color: #fff;text-decoration: none;}
.navigation li {display: inline;}
.navigation li a, .navigation li a:hover, .navigation li.active a, .navigation li.disabled {background-color: #369;border-radius: 3px;cursor: pointer;padding-left: 12px;padding-right: 12px;padding-top: 6px;padding-bottom: 6px;padding: .75rem;}
.navigation li a:hover, .navigation li.active a {background-color: #6fb7e9;}
#footer {background: #2b4c92;}
#footer .footer-menu a {border: none;color: #fff;font-size: 15px;font-weight: 700;}
#footer .textwidget {color: #fff;}
#footer .widget-wrapper {background: transparent;color: #fff;padding: 0;}
#footer a, #footer a:hover {color: #fff;text-decoration: none;}
#footer div {color: #fff;}
#footer-menu-container {background-color: #3b5da1;}
#footer-wrapper {margin: 0 auto;}
#menu-informationlinks li a {color: #fff;}
#top-bar-container .widget-wrapper {background: none;border: none;margin: 0;padding: 0;display: block;float: left;}
#top-bar-container .widget-wrapper form {margin: 0;}
.top-menu {float: left;}
.top-menu li {border-left: 1px solid #ccc;display: inline-block;}
.top-menu li a {border-left: none;color: #2b4c92;font-size: 13px;font-weight: 700;}
.top-menu li a:hover {color: #3b5da1;}
ul.social-icons img {max-height: 30px;max-width: 30px;}
#footer .footer-menu a {display: inline-block;text-decoration: none;}
#menu-informationlinks {list-style: none;margin: 0;padding: 0;width: 100%;}
#menu-informationlinks li {display: inline;float: left;width: 50%;}
#menu-informationlinks li a {font-size: 13px;text-decoration: none;}
.social-icons {display: block !important;}
@media (min-width: 1005px) {#top-bar {background-color: #eff0f2;border-bottom: solid 1px #cbcbcb;display: block;float: left;height: 37px;width: 100%;}
#colophon-widget {float: left;width: 350px;}
#footer {margin: 0;max-width: 100%;padding: 0;width: 100%;}
#footer .copyright {clear: left;}
#footer .footer-menu a {padding: 48px 0;}
#footer .footer-menu a img.wp-post-image {display: inline;}
#footer .footer-menu li {display: inline;margin-left: 20px;margin-right: 20px;text-align: left;}
#footer .social-icons {text-align: left;}
#footer div {border: none;}
#footer-menu-container {height: 123px;margin: 0 0 30px;width: 100%;}
#footer-widget {float: right;width: 650px;}
#footer-widget .widget_search {min-width: 315px;}
#footer-wrapper {width: 1006px;}
#searchform, .top-menu {margin: 0;}
#top-bar-container {height: 37px;margin: 0 auto;padding: 0;width: 1006px;}
#top-bar-container div {float: left;margin: 0;padding: 0;}
#top-menu-container {width: 600px;}
#menu-informationlinks {width: 330px;}
#menu-informationlinks li {width: 50%;}
.fixed {left: 0;position: fixed;top: 0;}
.footer-menu {list-style: none;margin: 0 auto;padding: 0;text-align: center;width: 1006px;}
.top-menu li {height: 27px;margin: 0;padding: 5px 10px;}
}@media only screen and (min-device-width : 320px) and (max-device-width : 480px) {}@media only screen and (min-width : 321px) {#top-bar {}
#menu-informationlinks {width: 100%;}
#menu-informationlinks li {width: 33%;}
}@media only screen and (max-width : 320px) {#menu-informationlinks li {width: 33%;}
}@media only screen and (min-device-width : 768px) and (max-device-width : 1024px) {#top-bar {background-color: #eff0f2;border-bottom: solid 1px #cbcbcb;display: block;float: left;height: 37px;width: 100%;}
}@media only screen and (min-device-width : 768px) and (max-device-width : 1024px) and (orientation : landscape) {}@media only screen and (min-device-width : 768px) and (max-device-width : 1024px) and (orientation : portrait) {}@media only screen and (min-width : 1224px) {}@media only screen and (min-width : 1824px) {}@media only screen and (-webkit-min-device-pixel-ratio : 1.5), only screen and (min-device-pixel-ratio : 1.5) {}
